DBS	1	2	3	4	5	6	7	8	9	10	11	12	13	14	15	16	17	18	19	20	21	22	23	24	25	26	27	28	29	30	31	32	33	34	35
AC-CA	0.00034807031625	0.0	0.000257785141002	0.000116089795483	0.000197716988623	0.000288287410513	0.000183861659025	0.000107882158773	1.82645926543e-05	0.0	0.0	0.000127345556393	0.000174389031599	0.0	8.02607974038e-05	0.0	0.0	0.0002973608498	0.0	0.0	0.0	0.000514144659974	0.0	0.0	0.0	0.000269842043053	0.000215257430682	0.000176426809048	0.000540621578693	5.2100247558e-05	0.0	0.000489739701152	0.0	0.000264831294771	0.000433012435678
AC-CG	5.0403898058e-05	0.0	0.0	9.14902848308e-05	0.0	0.000200994400075	0.0	0.0	0.0	0.0	0.0	4.83598341816e-05	0.0	0.0	4.4349275413e-05	3.59286932508e-05	6.94453265169e-05	0.0	0.0	6.371922791e-05	0.0	0.0	0.0	0.0	3.96002760681e-05	7.31902619009e-05	3.09250681312e-05	0.0	1.87494697457e-05	7.5518983067e-07	0.0	0.000109154047095	0.0	0.0	5.94270022702e-05
AC-CT	0.000257940293523	6.90725719323e-05	0.000615647586528	0.00034576273174	0.000384328799555	0.000268930307357	0.000757267058361	0.0	0.000698940479197	0.0	0.0	0.000107761632535	0.000390727771446	0.0	0.000858590356074	0.0	0.0	5.28606033185e-05	0.0	0.0	0.0	8.84063556441e-05	0.0	0.000111940447823	0.0	0.000793487415649	0.000452348933322	0.000281787593849	0.000408809661167	8.41344881337e-05	0.0	0.00120788859203	0.0	0.0	0.000484969408717
AC-GA	0.000251187855611	0.0	0.0	0.0	0.0	0.000336092081852	0.000347986293491	0.0	0.0	0.0	0.0	0.000150167892571	0.0	0.0	0.000146054269862	0.000182361734915	1.25255864987e-05	0.000283978239167	0.0	0.0	0.0	0.0	5.7608471252e-05	9.77486706688e-06	0.000148421095219	0.000122659053886	1.09556640382e-05	0.0	0.000196356879314	0.0	1.59107185027e-05	0.000164046301506	0.0	5.11158723384e-05	0.00021502324671
AC-GG	7.2342234489e-05	0.0	0.0	6.42551312922e-05	0.0	0.000204950862098	0.0	7.18059891369e-06	0.0	0.0	0.0	0.000115913702757	0.0	0.0	4.80479793623e-05	6.26534892945e-05	2.00656359084e-06	2.44694147113e-05	0.0	8.30859135021e-05	0.0	0.0	0.0	5.05105745106e-05	0.0	4.68983198516e-05	8.59484935063e-05	0.0	1.06486550067e-06	0.0	0.0	6.23424712103e-05	0.0	4.44379547844e-05	5.29661883775e-06
AC-GT	0.000263025576714	0.0	0.000440830364823	0.0	0.0	0.000399918295443	0.000487319717649	0.0	0.0	0.000308737449814	0.0	0.000135222508106	0.0	0.0	0.000830539793242	0.0	0.0	0.000115455542982	0.000200672235223	0.0	0.0	0.0	7.9174831626e-05	0.000293552526273	0.0	0.00021525734337	0.000275426864391	0.0	0.0	0.000231147438171	0.0	0.00068883318454	0.0	6.84163023834e-05	0.000587667804211
AC-TA	6.44228493911e-05	0.0	0.000275652681012	5.06826327182e-05	0.000164342578501	0.000128004612634	0.000111825414933	0.0	0.0	0.0	0.0	0.000282430439256	0.0	0.0	0.000309364870191	0.000217065637116	0.0	0.0	0.000115210030344	0.000101659970824	0.0	0.0	0.0	0.000197840694454	2.72364959528e-05	0.000360000005458	0.000189465368749	0.0	4.26244514529e-05	0.0	6.98862568242e-05	0.000184723583516	0.0	0.000110602944915	0.0002318922634
AC-TG	7.87849130575e-05	0.0	0.0	6.13856245764e-05	0.0	0.000196716253413	0.0	3.47233435605e-06	0.0	1.51203203131e-05	0.0	7.90849007899e-05	0.0	0.0	0.0	0.000102996498754	8.38247287902e-05	0.0	2.71374447038e-05	5.43308269698e-05	0.0	0.0	0.0	0.0	0.0	4.8449543101e-05	9.16205171961e-05	0.0	0.000156634036102	0.0	0.0	0.000110958906589	0.0	3.29947797582e-05	0.000109600106953
AC-TT	0.0	0.0	0.00382341677323	0.0	0.0	0.0	0.0012881498551	0.0	0.00223722332157	0.0012001801515	0.0	0.00020711691468	0.0	0.00242798705585	0.00599784776568	0.0	0.0	0.0	6.06091671216e-05	0.000650832371321	0.0	0.0	0.000769134087022	0.00185545638669	0.0	0.00184206012636	0.000704883888829	0.0	0.0	0.0	0.000952879490796	0.00290127960034	0.0016720269341	0.0	0.00186260929331
AT-CA	0.000209601144888	0.0	7.97396933194e-06	9.52016780502e-05	2.26765223488e-05	0.000385060557164	0.000183167197974	0.0	0.0	0.0	0.0	0.0	0.0	0.0	0.000104287217255	0.0	0.0	0.000107265143015	5.5094344134e-05	0.0	0.0	0.0	0.0	0.00012053559476	0.0	0.00022287061438	9.86255145108e-06	0.0	3.32233321387e-05	0.000102112069726	4.01600882469e-05	0.000141895754496	0.0	0.0	9.15873315535e-05
AT-CC	0.000145447687828	0.0	0.0	0.00011059071403	0.0	0.000446816382464	0.000150696054334	0.0	0.0	0.0	0.0	0.0	0.0	0.0	7.48776801629e-05	0.0	0.0	0.000111384673801	4.42480959464e-05	0.0	0.0	0.0	0.0	1.51198801177e-05	0.0	0.000132354922243	4.53340726381e-05	0.0	2.1139272576e-05	0.000234927385463	0.0	0.000215780339204	0.0	0.0	0.000154260676936
AT-CG	0.000195301690837	0.0	0.0	7.17356451787e-05	0.0	0.000585832924116	0.000176381799974	0.0	0.0	0.0	0.0	0.0	0.0	0.0	9.37155709835e-05	0.0	0.0	0.000168425729498	3.29480935761e-05	0.0	0.0	0.0	2.11835304071e-05	0.0	0.0	5.19152599736e-05	0.0	0.0	8.98612051969e-05	0.000330554670654	0.0	0.000221279740799	0.0	0.0	0.000193892163225
AT-GA	8.02484137239e-05	0.0	0.000216947330046	0.000161923569976	0.0	0.000223582581384	0.000136076690978	0.0	6.4674357418e-05	0.0	0.0	0.0	0.0	0.0	0.000673789938446	0.0	0.0	0.000234863895457	2.64664140559e-05	0.0	0.0	0.0	6.3916479121e-05	0.000433072593296	0.0	0.00035924941767	6.04475826549e-06	0.0	0.0	4.65883676952e-05	0.00014400780492	0.000477196590509	0.0	0.0	0.00041206314927
AT-GC	0.000184980395716	0.0	0.0	0.00010662782006	4.51515916211e-05	0.000347832363332	8.27648691484e-05	0.0	0.0	0.0	0.0	9.62197009358e-06	0.0	0.0	0.0	0.0	0.0	0.0	8.34875027067e-05	0.0	0.0	1.74582273758e-05	6.22708103037e-05	0.0	0.0	0.00020532408962	5.90854760958e-05	0.0	0.0	8.10291821836e-05	0.0	0.000258508720435	0.0	0.0	1.34050715133e-05
AT-TA	0.000165339995874	0.0	0.000310424016789	0.0	5.33865022589e-06	0.000467595004011	0.000209450750845	0.0	7.93045473984e-05	0.0	0.0	0.000293363293167	0.0	0.0	0.00105813972186	0.0	0.0	0.000163763659657	9.75539296633e-05	0.0	0.0	0.0	2.10876514757e-05	0.000562224769965	0.0	0.000667390180752	0.0	0.0	0.0	0.0	0.000201442511752	0.000621041923296	1.90214195754e-05	2.97349397442e-05	0.000650227535516
CC-AA	0.0	0.0	0.0	0.00421845726669	0.0113109899685	0.00837922655046	0.0	0.0	0.0	0.0	0.0	0.00531215127558	0.0	0.00414014235139	0.0131833059713	0.0194697193801	0.00226896256208	0.00520178256556	0.0	0.0	0.0	0.0	0.0	0.020343137905	0.0127647100016	0.0	0.0	0.0	0.0183026567101	0.0	0.000903050764464	0.0	0.0	0.023677026853	0.00929692946374
CC-AG	0.0	0.0	0.000225695417612	0.000643135863356	0.00145762972534	0.00117116433103	0.0	0.0	0.0	0.0	0.0	0.000817193300463	0.0	0.000494005682413	0.00157257856335	0.00227298284881	0.00049492996186	0.00054681050824	0.0	0.0	0.000477952649817	0.0	0.0	0.00258238147944	0.0017159038689	0.0	0.0	0.0	0.00173310050741	0.0	0.0	0.0	0.0	0.00240547489375	0.00143706286326
CC-AT	0.0	0.0	0.00499872816727	0.00289086205885	0.000364636565791	0.00214633601718	0.00130264635663	0.0	0.0	0.0	0.0	0.0	0.000321089290082	0.00438974704593	0.010853542015	0.0	0.0	0.0	0.0	0.0	0.0	0.0	0.0	0.00616666302085	0.00411664927378	0.00403188634664	0.0	0.0	0.00189787894487	0.0	0.00266220443882	0.00188596523367	0.0	0.000928313937038	0.00740313297138
CC-GA	0.0	0.0	0.000169399179867	0.000304297514958	0.000323583255522	0.000388650747482	5.28622331331e-05	0.0	0.0	0.0	0.0	7.20411626389e-05	6.96104689268e-05	0.0	0.000606314279139	0.000620657927357	0.0	0.0	0.0	0.0	1.54089175339e-05	0.0	0.0	0.000761505041737	0.000603391090408	0.0	0.000181526163942	0.0	0.000520419678651	0.0	0.0	0.0	0.0	0.000674004782923	0.000348215486156
CC-GG	0.0	0.0	2.90715979645e-05	0.000132193352329	0.0	0.000262831628788	0.0	8.59880674398e-06	0.0	0.0	0.0	4.15492759203e-05	0.0	0.0	1.67535108631e-05	2.8402033422e-05	4.15212052758e-05	4.57636779174e-05	5.94592165726e-05	0.0	1.69432496477e-05	0.0	0.0	0.0	4.12869085267e-05	1.73175831151e-05	6.95990456734e-05	0.0	8.79213475855e-05	0.0	0.0	0.0	0.0	6.11963550909e-05	8.80476945895e-05
CC-GT	0.000671865534969	0.0	0.00222135102376	0.000690634828061	0.0	0.000441104231868	0.0	0.0	0.000283524685074	0.0	0.0	0.0	0.000344707455952	0.000701880548149	0.0023116550874	0.0	0.0	0.000149889441673	0.0	0.0	0.0	0.0	0.0	0.00120670662727	0.000231700876611	0.00137686426751	0.000302787375404	0.0	0.0	0.000135816153488	0.000832447782159	0.00184123322833	0.000941112230066	0.0	0.00131407030858
CC-TA	0.000607258465607	0.0	0.00258193258196	0.000917418743484	0.0	0.00133690063376	0.00134318333585	0.0	0.000465471530333	0.0	0.0	0.0	0.0	0.00141339551192	0.00424309959635	0.0	0.0	0.0	0.0	0.0	0.0	0.0	0.0	0.00208947435021	0.000560070329811	0.00179271597881	0.00019769660139	0.0	0.0	0.000608620408457	0.000817388819996	0.00244630873203	0.0	0.0	0.00335758598521
CC-TG	8.30589269754e-05	0.0	0.000889021670446	0.000340728263836	0.0	0.000422089651693	0.0	0.0	4.92338185722e-05	0.0	0.0	0.0	0.000227972617722	0.0	0.00106127222534	0.0	0.0	0.000126936283777	0.000117031253467	0.0	0.0	0.0	0.0	0.000624921638519	0.000316380872391	0.000669917615596	9.91671695374e-05	0.0	2.86796639557e-05	0.0	0.000288535753498	0.000394578935811	0.000237987842411	0.0	0.00086869194638
CC-TT	0.022196220234	0.0	0.111119970679	0.00812940485775	0.0	0.0164627302438	0.00825229939073	0.0	0.0528231151402	0.00437501491979	0.0	0.0	0.0	0.0637136399746	0.182831197977	0.0	0.0	0.0	0.0	0.0172516517341	0.0	0.0	0.0	0.0768465399742	0.0	0.0636837258935	0.00435703946277	0.0	0.0	0.0109767522663	0.0547701716423	0.0992470160127	0.048187635839	0.0	0.0770812630653
CG-AT	1.9218223315e-05	0.0	0.0	8.08294862509e-05	0.0	0.000303368055029	0.0	3.76864991267e-05	0.0	0.0	0.0	7.2362847277e-05	0.0	0.0	0.0	0.000124521306134	0.0	0.0	0.0	8.19134438643e-05	2.86545764538e-06	0.0	0.0	8.94719778444e-06	0.0	9.66293155216e-05	0.000128693980514	0.0	0.0	0.0	5.97209909756e-05	0.000142955264891	0.0	0.0	0.000131882305141
CG-GC	4.48719001724e-05	0.0	0.0	7.42723204894e-05	0.0	0.000236902196775	0.0	1.18692041724e-05	0.0	0.0	0.0	1.45757603605e-05	0.0	0.0	0.0	2.3944370696e-05	0.0	0.0	0.0	7.18594528735e-05	0.0	2.21582886297e-05	0.0	0.0	9.71608278633e-06	6.49627254461e-05	5.16541113029e-05	0.0	0.0	0.0	0.0	9.48960514506e-05	0.0	0.0	2.30619025388e-05
CG-GT	9.29562520469e-06	0.0	0.0	0.000137124094181	4.85395612486e-05	0.000231235768297	0.0	1.66341123986e-05	0.0	0.0	0.0	7.12020118954e-05	0.0	0.0	5.89040137129e-05	0.000104701830423	6.19647471467e-05	9.38666562433e-05	0.0	7.04054400558e-05	0.0	0.0	0.0	2.84970119537e-05	0.0	0.0	6.9166533649e-05	0.0	0.0	0.0	3.44975742337e-05	0.000173406413523	0.0	3.99053169531e-05	3.97350850108e-05
CG-TA	0.000254308746662	0.0	0.0	0.0	0.00107453425881	0.00151339918375	0.00363082438707	0.0	0.0	0.000275896280073	1.01803216239e-05	0.000717412913218	0.0	0.0	0.00259957043454	0.000737013062462	0.0	0.0010509416461	0.000643426610623	0.0	0.00168483750895	0.000313978758641	0.0	0.000917458790354	0.0	0.0	0.00128129182849	0.0	0.0	0.00198624050245	0.0	0.000256749859545	0.0	0.000201591436053	0.00210039294325
CG-TC	0.0	0.0	0.0	0.000153495580889	5.35431172466e-06	0.000216624699533	0.0	0.0	0.0	0.0	0.0	9.39545134315e-05	0.0	0.0	9.39969322644e-05	0.000233482176554	7.12195687811e-05	7.82160132076e-05	0.0	0.000109429682198	1.993695696e-05	0.0	0.0	8.90975643415e-05	0.0	2.18914428842e-05	0.0	0.0	0.000104841892608	0.0	3.99253985961e-06	6.82288300595e-05	0.0	8.08241165942e-05	2.79170781141e-05
CG-TT	0.0	0.0	0.0	0.000252836587606	0.000188207020983	0.000326478271745	0.0	0.0	0.0	0.0	0.0	0.0	0.0	0.0	0.000178103160579	0.00024948551436	0.0	0.000151535175974	0.0	0.0	0.0	0.0	0.0	0.000488170684548	0.0	0.0	5.11752150487e-05	0.0	0.000215900799958	0.0	3.66465064872e-05	3.00579049508e-05	0.0	0.000133300403832	0.000167126752785
CT-AA	0.000753767264541	0.0	0.0	0.00155807926785	0.0	0.000281119631836	0.000855939637404	0.0	0.000141892276588	0.0	0.0	0.000762457959354	0.00135651498567	0.000525672337972	0.000710138701834	0.00227526226081	0.000652928312775	0.00221044174396	0.0	0.0	0.000138512710691	0.0	7.57188245188e-05	0.00201407563873	0.0	0.0	4.22620360041e-07	0.0	0.0	0.0	0.0	0.0	0.0	0.0	0.00120446796063
CT-AC	0.00131078029517	0.0	0.00038740853779	0.0	0.0	0.00196657818742	0.00117192941252	0.0	0.000221719237743	0.0	0.0	0.000248256052146	0.0	0.0	0.0	0.000549608899746	0.000116615578008	0.00227057468146	0.000992176239379	0.0	0.0	0.0	0.00035853535519	0.000243806178332	0.000782701594289	0.00129329389893	0.0	0.0	0.0	0.000344012398273	0.0	0.000813036342151	0.0	0.0	0.000724177225493
CT-AG	0.000967802887317	0.0	0.000150978463353	9.64692153502e-05	0.0	0.00310802343301	0.00225982046686	0.0	0.0	0.0	0.0	0.0	9.37896984397e-05	0.0	0.000974580878392	0.00042872998165	0.0	0.00151550536975	6.38562851236e-05	0.0	0.0	0.0	0.00025712774368	0.000520606117789	0.0	6.61780650262e-05	0.000102345613413	0.0	0.000999676762149	0.00247086118907	0.0	0.000975449627731	0.0	0.00050842447672	0.00108011031989
CT-GA	6.63087121211e-05	0.0	0.0	0.000238704189542	0.0	0.000150626496179	3.34993310389e-05	0.0	0.0	0.0	0.0	6.59540528432e-05	0.0	0.0	0.000158693190315	1.10812125058e-05	9.32847760851e-05	9.67505038716e-05	3.027983621e-05	0.0	0.0	0.0	3.41579871019e-05	6.09353846812e-05	1.54574299813e-05	0.000151942978846	0.000110011067591	0.0	0.0	0.0	0.0	0.000295858568279	0.0	0.0	0.000171727049747
CT-GC	0.000108781969175	0.0	4.89939557156e-05	0.000202595401788	0.0	0.000204382260563	4.70631130156e-06	0.0	0.0	0.0	0.0	6.27577755949e-05	0.0	0.0	0.0	5.36365841981e-05	0.0	0.00010329309589	0.0	0.0	0.0	8.35014943732e-05	0.0	5.68983996345e-05	0.0	0.000240161665715	0.0	0.0	0.0	0.0	2.25003786909e-05	4.40498843091e-06	0.0	0.0	0.000201124232262
CT-GG	9.79773321887e-05	0.0	0.0	9.15557684493e-05	1.4525197912e-05	0.000223199211177	0.0	3.91383327951e-05	0.0	0.0	0.0	4.3562715291e-05	0.0	0.0	8.64343601279e-05	6.98197109159e-05	1.10862583824e-05	9.34153576964e-05	9.05845299712e-05	0.0	0.0	4.85071814182e-06	0.0	1.75898057932e-05	7.45424622437e-05	3.93714217353e-05	2.45233586611e-05	0.0	7.94043517089e-05	0.0	0.0	0.000110490895167	0.0	8.73757162481e-05	0.0
CT-TA	0.00247289822437	0.000613813812379	0.00246761692688	0.00205262983218	0.0	0.00119917909615	0.0	0.0	0.00202050688677	0.0	0.0	0.0	0.00195782724768	0.00125689734705	0.00713481614366	0.0	0.0	0.0	0.0	0.000653585186228	4.91234422952e-05	0.0	6.82877362124e-05	0.00352816958912	0.000494610518217	0.00454621901736	0.000209537960473	0.0	0.000403924204875	0.002263588598	0.00233668251894	0.00172857881989	0.0	0.0	0.00488174473867
CT-TC	0.00191374926362	0.000416320428485	0.00179719482549	0.000763066695072	0.0	0.00141625490505	0.000116792201879	0.0	0.0020305775106	0.0	0.0	0.0	0.000397605414037	0.000687628227752	0.00479814177379	0.0	0.0	0.0	0.0	0.000551300996449	0.0	0.0	0.000107534535346	0.00194408174139	0.0	0.00286930589937	0.000181505136425	0.0	0.0	0.00090397708118	0.00119851634372	0.00164289644454	0.0	0.0	0.00379566964693
CT-TG	0.00123660860118	0.0	0.000171327512362	0.000406432227464	0.0	0.00170018745121	0.00074165337719	0.0	5.64922265767e-05	0.0	0.0	0.0	0.000434858375229	0.0	0.00153708690777	0.0	0.0	0.000409185071476	0.0	0.0	0.0	0.0	0.000171970736119	0.000755111803301	0.0	0.00118998519611	0.00027320990921	0.0	0.000539791421033	0.00112362182699	0.0	0.00092555367155	0.000280105217826	0.0	0.00130318885203
GC-AA	0.000630628375802	0.0	0.00011880978127	4.5152119128e-05	0.000415246962802	0.0	0.000389761698898	0.000404385587899	0.0	0.0	0.0	0.000704748090357	0.0	0.0	0.000313348369673	0.0	0.0	0.000718011055142	0.0	0.0	0.0	0.0	0.00141809554771	0.000233404323808	0.00119357986841	0.000125279591884	0.000141169846756	0.0	0.00139068160206	0.0	0.0	0.0	0.0	0.00115914864	0.00190743233543
GC-AG	0.000432825909229	0.0	0.000211189573747	3.85991297662e-05	0.000242101916228	1.98551424546e-05	2.48002397711e-05	0.000187325000297	0.0	0.0	0.0	0.000374883849872	8.31588549772e-05	0.0	7.29296443751e-05	0.0	0.000161967720487	0.000246514566243	0.0	0.0	0.0	0.0	0.000102015328594	0.0	0.000157644593855	0.000253225414781	0.000215617954382	0.0	0.000116786948638	0.0	0.0	0.0	0.0	0.000158375594765	0.00025751296198
GC-AT	0.000547925941646	0.0	9.37454751693e-05	0.0	0.00111200788524	0.000236158579355	0.000366951397154	0.000145156227518	0.0	0.0	0.0	0.000423363962909	1.44351797644e-05	0.0	0.000169035760337	0.0	0.0	0.000181628012797	0.0	0.0	0.000374562980141	0.000115362308861	3.259415098e-05	0.0	0.0	0.00110642018262	0.000788431207184	4.74631597172e-05	0.000347991241142	0.0	0.0	0.0	0.0	0.000111356064735	0.00109668669757
GC-CA	0.000107476829726	0.0	3.68301552953e-05	3.93857771996e-06	7.84971780377e-05	0.000145669459016	0.0	0.0	0.0	0.0	0.0	6.15901080891e-05	0.0	0.0	0.000194634179934	0.000245695293415	0.000114197893708	8.35663595353e-05	0.0	0.0	0.0	0.0	8.54837890074e-06	2.19243702304e-05	3.42752464348e-05	7.526097761e-06	7.33233318897e-05	8.73057651916e-05	0.000215038511669	0.000128513682284	0.0	0.000125789621961	0.0	0.000138506555231	0.0
GC-CG	6.68574502924e-05	0.0	1.48885010276e-06	9.2102054623e-06	7.29888270143e-05	0.000123397316202	0.0	2.79543382931e-06	0.0	0.0	4.62517127744e-05	0.0	0.0	0.0	0.0	0.0	1.99466303457e-05	0.0	0.0	4.53129177913e-06	0.0	0.0	3.74911396648e-05	7.15510759619e-06	0.0	6.8185494456e-05	0.000137499417178	0.0	0.0	0.0	0.0	0.000115262970212	0.0	4.10140346503e-05	3.51969392796e-05
GC-TA	7.43761775084e-05	0.0	0.0	5.46579358343e-05	7.22854019841e-06	0.000309603754431	0.0	0.0	0.0	0.0	0.0	4.15774629801e-05	0.0	0.0	9.1244772193e-05	0.00015796754451	0.0	0.0	0.0	5.73827055632e-05	0.0	0.0	8.3382401499e-05	0.0	2.28517947107e-05	0.000178452552063	0.000107213039882	0.0	0.00023610185599	3.52097231371e-05	0.0	0.000169844541233	0.0	0.000140591728268	0.000330851762556
TA-AT	7.17958610039e-05	0.0	0.000233766288147	0.0	0.000274876714684	0.000205695789191	8.578717825e-06	0.0	0.0	0.0	0.0	0.000536312465556	0.0	0.0	0.000408697931562	0.000236011372181	0.0	0.000143990007928	0.0	0.0	0.0	9.29822344915e-05	0.000147223690874	0.00028180348454	0.0	0.000554968893994	0.000237438420299	0.0	0.0	0.0	0.0	0.000248784635914	0.0	0.000212189072045	0.000474326283438
TA-CG	9.37487275223e-05	3.47583954863e-06	0.0	8.69807263371e-05	0.0	0.000314153090585	1.16564879136e-05	0.0	0.0	0.0	0.0	2.38129159698e-05	0.0	0.0	0.0	0.0	6.46116859571e-06	2.20417405217e-05	0.0	8.32958394312e-05	0.0	0.0	7.96456151875e-05	0.0	0.0	0.000106308507384	4.20543001383e-05	0.0	2.88428418571e-06	6.32898736512e-05	0.0	0.000133763824124	0.0	3.74152805307e-05	9.40727841225e-06
TA-CT	0.0	0.0	0.00030599423917	0.000113005684398	3.69650915673e-05	8.72653617989e-05	8.78890205058e-05	0.0	0.0	0.0	0.0	0.000362738850527	0.000231495956541	0.0	0.000297985854559	7.41053154343e-05	1.23107001855e-05	0.000337973848218	0.0	0.0	0.0	0.0	3.71950227418e-05	0.00059029267868	0.0	0.000354819145286	0.000245834205998	0.0	5.86832611589e-05	0.0	0.0	0.000242058071308	0.0	8.02378344815e-05	0.000313091557473
TA-GC	9.53033159021e-05	0.0	0.0	0.000102196718217	0.0	0.000236051040702	7.76404340286e-06	0.0	0.0	0.0	0.0	1.08149470179e-05	0.0	0.0	5.05251227878e-06	1.53448472702e-05	0.0	4.66130950372e-06	0.0	4.45917066827e-05	0.0	0.0	0.0	0.0	0.0	6.87406791258e-05	7.17013608664e-05	0.0	0.0	0.0	0.0	0.000117717492685	0.0	0.0	1.92174570657e-06
TA-GG	0.000153726097778	0.0	0.0	6.52896633255e-05	0.0	0.000354779971531	0.00014128384646	0.0	4.29743995483e-05	0.0	0.0	0.000105644096038	0.0	0.0	0.000105331258965	2.16615662794e-05	0.0	6.35688047623e-05	4.63756696263e-05	0.0	0.0	0.0	0.000107028172351	4.38201423094e-05	9.30765163503e-05	0.000102883379441	1.94955755433e-05	0.0	0.000119234842714	0.000110304084956	0.0	0.000109509914182	0.0	2.29044853768e-05	8.28800330055e-05
TA-GT	0.000176298228325	0.0	0.000112432680908	0.000242276772042	0.0	9.30243986659e-05	0.0	0.0	0.0	0.0	0.0	2.56400417129e-05	0.0	0.000132133092848	0.000396718271077	0.0	0.0	0.000373799703084	7.07510043867e-05	0.0	0.0	0.0	0.000147496029967	0.000236616513575	0.000118295363791	0.000314316450385	9.37966433412e-06	0.0	0.0	4.66667370347e-05	0.000106092600618	0.000197173358174	0.0	0.0	0.000313659984386
TC-AA	0.000924036663491	0.0	0.000847477233037	0.000525494921021	0.000100705627119	0.000245372124482	0.000331039307639	0.000265521841357	0.0	0.0	0.0	0.000880054372828	0.000217940847506	0.0	0.000866776157636	6.01443753112e-05	0.000288170675049	0.00177145854104	0.0	0.0	0.0	0.0	0.000350173882907	0.000476015120512	0.00044666841859	0.000760598981287	0.000508901081048	0.0	0.00107265659608	0.0	0.000338749581715	0.0	0.0	0.0014324078802	0.00176971091423
TC-AG	0.000209838166484	0.0	6.82684330968e-05	0.000385661784094	0.000175208362634	6.98563380865e-05	0.000121555494843	0.0	0.0	2.00775684789e-06	0.0	0.00029589451151	0.0	0.0	0.000210361482459	3.07220761897e-05	0.0	0.000299876031931	0.0	0.0	8.40981083456e-05	0.0	1.19929190987e-05	3.16867990477e-05	0.0	0.0	0.000183747324627	0.0	2.07239645533e-05	0.0	0.0	0.000124090380268	0.0	7.362265751e-05	8.31038632896e-05
TC-AT	0.00351888453588	0.0	0.00316125154495	0.000643784063868	0.0	0.000946042186115	0.0	0.0	0.00270682224073	0.0	0.0	0.0	0.000500746129546	0.00209142151289	0.00696583930403	0.0	0.0	0.0	0.0	4.17333576479e-05	0.0	0.0	0.000218631656026	0.00237202108838	0.0	0.00526932161301	0.00109529751353	0.0	0.0	0.00245017162524	0.00212259381078	0.00287106563337	0.0	0.0	0.00617800094187
TC-CA	0.00113792100456	0.0	0.000302450731397	0.0	0.0	0.00214034505188	0.00133951078169	0.0	0.0	0.00010417100566	0.0	0.000139770534588	0.000206158103538	0.0	0.00089435884729	0.000127544844872	0.0	0.0010635368526	0.0	0.0	0.0	0.0	0.000176783083589	0.000318592297845	0.0	0.0	9.36325377552e-05	0.0	0.000919123529457	0.00142418139149	0.0	0.000715626927558	0.0	0.000634895695839	0.000842547044158
TC-CG	0.000132011744427	0.0	0.0	5.50005061086e-05	0.0	0.000125984690385	0.0	0.0	0.0	0.0	0.0	4.43573953817e-05	0.0	0.0	2.71698372671e-05	0.0	2.50017637882e-05	3.91522116843e-05	8.28776421713e-07	5.11297657795e-05	0.0	0.0	0.0	0.0	6.11725117778e-05	0.000112933870696	3.05152843794e-05	0.0	0.0	6.4895102696e-06	0.0	7.75943190092e-05	0.0	0.0	0.0
TC-CT	0.000571108364966	0.0	0.00038028875133	0.00023224556935	0.0	0.00089233921608	0.000621758343186	0.0	0.000175764434971	0.0	0.0	0.0	0.00037140364293	0.000106068633613	0.00148802867625	0.0	0.0	0.0	0.0	0.0	0.0	0.0	0.0	0.000514804618433	0.0	0.00112338270992	0.000130674627144	0.0	0.000429846986663	0.000556075247005	0.0	0.000682439829689	0.0	4.21779186581e-05	0.000976847368293
TC-GA	0.000850459153298	0.0	0.000176378103788	0.0	0.0	0.00218695914373	0.00154177146032	0.0	0.0	0.000102383201011	0.0	7.07447543391e-06	8.28022748465e-05	0.0	0.000602777989116	0.000446731923148	0.0	0.00067495793337	0.0	0.0	0.0	0.0	0.000209409903619	3.62236787623e-05	0.0	8.42086592456e-05	0.000479309470393	0.0	0.00066959077958	0.00164641649462	0.0	0.000729464751203	0.0	0.000430460175266	0.00093543366529
TC-GG	0.0	0.0	0.000113687332487	0.000148462524521	0.0	0.000235427403823	1.61893549375e-05	0.0	7.82717834227e-05	0.0	0.0	3.00706851704e-05	0.0	0.0	7.75059088483e-05	1.99900805455e-05	5.79609150009e-06	2.58959898929e-05	0.0	0.0	0.0	0.0	0.0	0.0	5.83335167903e-05	9.75548900897e-05	2.6889703804e-05	0.0	0.0	4.74112675874e-06	1.99105488718e-06	0.00017906157882	0.0	0.0	0.000161757154274
TC-GT	0.00177558383439	0.0	0.0014738306636	0.000268949574092	0.0	0.00181592849549	0.000433075241745	0.0	0.000999611569569	0.0	0.0	0.0	0.000195584303583	0.000881963351276	0.0027384175919	0.0	0.0	0.0	0.0	0.0	0.0	0.0	0.0	0.00132984644733	0.0	0.00210862327367	0.000491173064802	0.0	0.0	0.00172405561898	0.000440847332356	0.0024284645915	0.000507983902935	0.0	0.00290032173507
TG-AA	0.0	0.0	0.000247842574026	0.000241870540776	0.000203373128898	0.000182712567039	0.000430952059105	0.0	0.0	6.41620863462e-05	0.0	0.000136935588671	7.94296647655e-05	7.92467762949e-05	0.000739788054489	0.000175087392563	0.0	0.000200433947612	0.0	0.0	0.0	0.0	9.37452023209e-06	0.000393039110349	7.58476890041e-05	0.000101762161648	0.0	0.0	0.0	0.0	0.000130985383294	0.000114428177767	0.0	0.000267205701675	0.00045185216004
TG-AC	0.0	5.5517994042e-05	8.45946487971e-06	0.000162135635037	2.89392446575e-05	0.000240900830249	1.86169418157e-05	0.0	0.0	0.0	0.0	3.3683842048e-05	0.0	0.0	0.000183347292477	6.05543755228e-05	2.21742393478e-05	9.79509204626e-05	0.0	9.80290642474e-05	0.0	0.0	4.54076725873e-05	0.0	3.04535751638e-05	0.000209148653084	0.000102329970105	0.0	0.0	0.0	0.0	0.000144314792124	0.0	2.10840044019e-05	0.000121278557344
TG-AT	0.0	0.0	0.000269712822046	0.00119229627308	0.000158163355081	0.00032256700797	0.0	0.0	0.0	0.000132811037474	0.0	0.000760911265388	0.00117583014071	0.000253320147749	0.00159432855435	0.00114580371883	0.0	0.0014476517681	0.0	0.0	0.0	0.0	0.0	0.00150945375208	5.10314166604e-05	0.000251114863204	0.000372242036974	0.0	0.000325576635078	0.0	0.000247622927418	0.000814857485238	0.0	0.000631915638223	0.00106528925244
TG-CA	0.000188954538316	1.11420067697e-05	0.0	0.0	0.0	0.000666848849505	0.000608745322097	0.0	0.0	0.0	0.0	0.000135823414894	0.000188259742572	0.0	0.000478680303786	0.000301516498439	3.3392207115e-05	0.000482225150336	0.000166640267707	0.0	0.000134832007461	1.25763554024e-05	4.77590365335e-05	9.34184499783e-05	0.0	0.000167793972651	9.24418127397e-05	2.97202277579e-05	0.00010286984616	7.03976111254e-05	0.0	0.000115630224172	0.0	0.000310379371513	0.00042224227218
TG-CC	0.0	0.0	0.0	0.000126512924908	0.0	0.000269293086603	4.90063393954e-05	0.0	0.0	0.0	0.0	6.49128924124e-05	0.0	0.0	0.000217528358917	0.0	8.32672740216e-05	4.24581885454e-05	0.0	3.6707646359e-05	4.63034848508e-05	0.0	0.0	0.0	0.0	0.000155806075782	9.69404791249e-05	0.0	0.0	8.73981625773e-05	0.0	0.000115710929094	0.0	0.0	7.20867537893e-05
TG-CT	0.0	0.0	0.000409453292377	0.000831580488011	0.000165823890711	0.000125717560877	0.00030168594094	0.0	0.0	0.0	0.0	0.00067328044679	0.000390660308767	0.0	0.00135593605228	0.000888329697773	0.0	0.00191698782146	0.0	6.36058612145e-05	0.0	0.0	0.0	0.00137698033359	0.000340799888363	0.0	0.000119007600006	0.0	0.000867453461979	0.0	0.000420326628955	0.000471188192023	0.0	0.000997456838377	0.000475827779155
TG-GA	0.0	0.0	0.0	1.72490181285e-05	0.0	0.000178998394404	4.89236044814e-05	0.0	0.0	0.0	0.0	0.000162318057846	0.0	0.0	0.000246851122938	0.0	0.0	0.000295119709335	0.0	0.000206442869967	0.0	0.0	5.11262842338e-05	0.000249104661634	0.0	0.000246357696597	0.0	0.0	0.0	0.0	8.71241063578e-05	0.000145160767715	0.0	6.03693551966e-05	0.000108352345705
TG-GC	0.0	0.0	0.0	5.81963722652e-05	0.0	0.000212675266084	0.0	0.0	0.0	0.0	0.0	6.85435952619e-05	0.0	0.0	3.81491481676e-05	0.0	4.17737683165e-05	0.000115250652016	1.90326063603e-05	2.85330970655e-05	0.0	0.0	0.0	0.0	5.93438780925e-05	0.000107572748675	1.82520998351e-05	0.0	3.56982272933e-05	4.67839963676e-05	0.0	5.25601062691e-05	0.0	0.0	3.1143626984e-05
TG-GT	0.0	0.0	0.000259181659203	0.0	0.0	0.000513634586241	3.36525990861e-05	0.0	0.0	0.000115205271868	0.0	0.000315031269565	4.57391433883e-06	0.0	0.000851816963404	0.000496816064697	0.0	0.00104585441295	0.000207364500966	0.0	0.0	0.0	0.0	0.000877054058947	0.000272459205007	0.000606768298894	0.0	0.0	0.0	0.0	0.0	0.000484288641019	0.0	3.66105014109e-05	0.000628005713224
TT-AA	0.0	0.0	0.00116274820175	0.000514129758812	1.63773765962e-05	0.000364727107808	0.0013288105838	0.0	0.00122666859534	2.53413018072e-05	0.0	0.0	0.000245318806265	0.00110650726128	0.00234064599499	0.000604761589784	0.0	6.92892426741e-05	0.0	4.78547663079e-05	0.0	7.69668768044e-05	0.0	0.00147961545736	0.000655147945508	0.000893736258149	0.0	0.0	0.0	0.0	0.000660350779071	0.00084502104437	0.0	0.000192491017515	0.00246459781192
TT-AC	0.000105915591121	0.0	0.000222506743739	0.000268722884357	0.0	0.00026666582562	0.000189167127246	0.0	0.0	0.000117235569633	0.0	0.0	9.79016476776e-06	0.000177650086698	0.0001706720941	0.000130577289383	0.0	0.0	4.72731771879e-05	0.0	0.0	0.0	5.49683900317e-05	0.000183574171388	5.73154102312e-05	0.000213451043237	0.0	0.0	0.0	8.21836147225e-05	0.000159745133715	0.000361091340892	0.0	0.000137253460707	0.000534165417776
TT-AG	0.000664481020067	0.0	0.000214740037336	0.0	0.0	0.000840534048621	0.000422862067353	0.0	0.0	0.0	0.0	0.0	0.0	0.0	0.00045414554188	0.0	0.0	0.00034772825893	8.82200765773e-05	0.0	0.0	0.0	0.0	0.000238741005887	0.0	0.000174103508471	0.000233440747252	0.0	0.000279275031062	0.000639043748379	0.0	0.000453676388133	0.0	8.38096821099e-05	0.000706365448423
TT-CA	0.000290876341751	0.0	0.000228594100918	0.00018614489818	0.000254437472904	7.50608014641e-05	0.00026048271684	0.0	0.000159048300702	0.0	0.0	2.44504917646e-07	0.000117735777167	4.36845148215e-05	0.000398457690608	0.0	0.0	0.000320691353409	0.000155387140694	0.0	6.92256580805e-05	6.35123578832e-05	0.0	0.000679451855831	0.0	0.000454581779195	0.000174763030373	0.0	0.000263305788394	0.0	0.000168517508428	0.000455414323369	0.0	0.000187235244084	0.000765011063777
TT-CC	0.000231404250371	0.0	0.000649697845802	0.0	1.90130922419e-05	0.000430015410529	0.000460945942905	0.0	0.000304910878185	0.0	0.0	1.64454650076e-05	0.0	0.00024595373543	0.00141213100869	0.0	0.0	0.000163552802405	1.04185328382e-05	8.79925937625e-06	0.0	0.0	0.00054656289285	0.000600748695433	9.58477030508e-05	0.00110329221934	0.0	0.0	0.0	0.000229385201237	0.000183951880899	0.000854051439092	0.0	0.0	0.000841187196784
TT-CG	0.000538088614121	0.0	3.32553318003e-05	0.000167630772921	0.0	0.0010266052559	0.00051913515199	0.0	0.0	0.0	0.0	0.0	0.0	0.0	0.0	0.000178358837729	0.0	0.000165709207067	0.000129515276058	0.0	0.0	0.0	0.000194732056116	0.000239645756665	0.0	0.000275253201835	0.0	0.0	0.000318445381708	0.000713930407073	0.0	0.000402724224841	3.16420191666e-05	1.08917993202e-05	0.000134045330924
TT-GA	0.000132602610392	0.0	0.000225711337407	7.84419025877e-05	0.000176444838871	0.000708644918632	0.000510290148668	0.0	0.000171912222868	0.0	0.0	0.0	1.81260402314e-05	7.49916216591e-05	0.000341049744748	0.000211500300793	0.0	6.30098438705e-05	0.000182697665878	0.0	0.0	0.0	0.0	0.000363063736586	7.41718831705e-05	0.00042939191917	0.0	0.0	0.0	0.0004295851395	0.0	0.000750792270992	0.0	1.47249593283e-05	0.000433178036474
TT-GC	0.000726402038708	0.0	2.90489042527e-05	0.000189243481145	0.0	0.00172409520019	0.00105315388646	0.0	0.0	0.0	0.0	0.0	0.0	0.0	0.000432353641372	0.000142202246934	0.0	0.000559994543437	8.18109037937e-05	0.0	0.0	0.0	0.000298402970657	0.000395432958612	0.0	0.000335102929967	3.85472631024e-05	0.0	0.000250224868068	0.00152646866627	0.0	0.000874302873854	7.63931893744e-05	0.0	0.000550732947886
TT-GG	0.001480331528	0.0	0.000208595054573	0.0	0.0	0.00579967489466	0.00372396758758	0.0	0.0	0.000584318011533	0.0	0.0	0.000507298216689	0.0	0.00195219204761	7.34485802241e-05	0.0	0.00232640560716	0.000479347829241	0.0	0.0	0.0	0.000375656032702	0.0	0.0	0.000311204901664	0.000683659047354	0.0	0.000300763756968	0.00510790199041	0.0	0.00248016533442	0.00023881738889	0.000709132873453	0.00189174094703
