Indel	1	2	3	4	5	6	7	8	9	10	11	12	13	14	15	16	17	18	19	20	21	22	23	24	25	26	27	28	29	30	31	32	33	34	35	36	37	38	39	40	41	42
DEL-C_1_0	0.0	0.0	0.0	0.0	0.0	0.0	0.0	0.000623637752142	0.0	0.0	0.0	0.000867562484927	0.00072588637704	0.000252524594544	0.0001169211464	0.000267380586592	0.000914666685276	0.0	0.0	1.00161159935e-05	0.000890836585313	0.000258034764556	0.000660814752337	0.000565616064705	0.0	0.000278998108115	0.000234850158449	0.000837230880279	0.000221765891183	0.0	0.0	0.0	0.000163958902704	3.25444525515e-05	0.000515096122399	0.0	1.11201952677e-05	0.0	0.000966697116382	0.0	0.0010839906754	6.3438230427e-05
DEL-C_1_1	0.0	0.0	0.0	0.0	0.0	0.0	0.0	0.00053698773263	0.0	0.0	0.000273650104646	0.00108098925557	0.000833805010188	0.00046344511793	0.0	0.000526196963619	0.00120530556887	0.0	0.0	0.0	0.00116404343862	0.000218908127863	0.000741613097489	0.000312852673233	0.0	0.000569436524529	6.29347050563e-06	0.000504094001371	0.00066030776361	0.0	0.00033138616709	0.000411674787756	0.0	0.0	0.000802515249234	0.0	0.0	0.0	0.000924936379306	0.0	0.00156651542056	7.16022550478e-05
DEL-C_1_2	0.0	0.0	0.0	0.0	0.0	0.0	0.0	0.000532887352165	0.0	0.0	0.00049093720736	0.000616117380559	0.000701314944308	0.000434417073848	0.0	0.000368263979908	0.0012884743046	0.0	0.0	0.0	0.00115565385204	8.55672478792e-05	0.000461050018203	0.000101816374809	0.0	0.000810531899333	0.000258638785454	0.000200813417905	0.000542546447832	0.0	0.0	9.21749888221e-05	0.0	0.0	0.00116589083336	0.0	0.0	0.0	0.000471637496958	0.0	0.00131891167257	3.36854791385e-05
DEL-C_1_3	0.000388904649299	0.0	0.0	0.0	1.26384329633e-05	0.0	0.0	0.000341301463777	0.0	0.0	0.000168739556102	0.0	0.0	0.0	0.0	0.0	0.000912352348678	0.000232952588703	0.0	0.00124372472055	0.00126280623954	0.00057764374651	0.000192739826161	0.000911627663299	0.000283296976704	0.00101535313297	0.00121487944853	0.0	0.0	0.0	0.0	0.0	0.000244365044637	0.0	0.00124873919412	0.00104410503991	0.000336642231559	0.0	0.0	0.0	0.00067009171471	1.01842961158e-05
DEL-C_1_4	0.0013073340524	0.0	0.0	0.0	0.0	0.0	0.0	0.000401503581088	0.0	0.0	0.000185537617654	0.0	0.0	0.0	0.0	0.0	0.00145400699694	0.00155123393051	0.0	0.00365871260874	0.00226495438255	0.00114157423377	0.0	0.00161361019127	0.00175349775236	0.00315446779132	0.00304995803162	0.0	0.0	0.0	0.0	0.0	0.000642747734673	0.0	0.00312355323695	0.00383632257581	0.00104265625123	0.0	0.0	0.0	0.000540174718481	0.0
DEL-C_1_5+	0.00307931681164	0.0	0.0	0.0	0.0	0.0	0.0	0.00095508719096	0.0	0.0	0.0	0.0	0.0	0.0	7.21146061551e-05	0.0	0.00250208913349	0.00550748733804	0.0	0.00888923183084	0.00454746047035	0.00256532337517	0.0	0.00400419067591	0.00531305093318	0.00855713523924	0.00726324645802	0.0	0.0	0.0	0.0	0.0	0.000967049272731	0.0	0.00815542507917	0.0105449212715	0.00235106050968	0.0	0.0	0.0	0.000243326037889	0.0
DEL-T_1_0	0.0	0.0	0.0	0.000322286126902	0.0	0.0	0.0	0.000290285854135	0.0	0.0	0.0	0.000304712069919	0.000292143929983	0.000113994159619	0.0	0.000100082877907	0.000750209903345	0.0	9.77949384833e-05	0.000168938626302	0.00047642775462	0.000330767594278	0.000417709728936	0.000284217880107	0.0	0.0	0.000200171285542	0.000176799643668	0.0	0.0	0.0	0.0	0.0	0.0	0.000577828206588	0.0	0.0	0.0	0.000380932615371	0.0	0.000369702058379	0.000277647457551
DEL-T_1_1	0.000347957015038	0.0	0.0	0.000350825401256	0.000214895233512	0.0	0.0	0.000703767931554	0.0	0.000418491457822	0.0	0.0	0.00012126173533	0.000393815425923	0.000487165729282	0.00070798874367	0.000339397491189	0.0	0.000214600688196	0.000698384421412	0.00123869848903	0.000658456003293	0.00112279644236	0.000472238054499	0.0	1.6949896235e-05	0.000608842121437	0.000476699962746	0.0	0.0	0.0	0.0	0.0	0.000149710322148	0.000762401439715	0.0	0.0	0.0	0.000717093236744	0.000424774421845	0.000381711288355	0.0
DEL-T_1_2	5.95408419031e-05	0.0	0.0	0.000929671456106	0.0	0.0	0.00121048244182	0.0	0.0	0.0	0.0	0.0	0.000678964017425	0.0	0.000222075876081	0.0	0.00178174988832	0.0	0.0	0.00198275549337	0.000644652522169	0.00113816454541	0.0011199003784	0.00124158384278	0.0	0.0	0.000723007600754	0.00142003607471	0.0	0.00118900323287	0.0	0.000338573678164	0.0	0.00114307284821	0.000527119904291	0.000870765710715	0.000543279340491	0.0	0.0	0.0	0.00135493825655	0.000176447545527
DEL-T_1_3	0.00273215514608	0.000420328025939	0.0	0.000422085315222	0.0	3.78724398615e-05	0.00426152534783	0.0	0.0	0.0	0.0	0.0	0.0	0.0	0.0	0.0	0.00310233328491	0.000404764257837	0.0	0.00533754471689	0.00237574591301	0.00468984711915	0.00147104077041	0.00309697980992	0.0	0.00166131474543	0.0039489287883	0.00326638575643	0.0	0.0022306246683	0.0	0.0	0.0	0.00129914970603	0.00485297245905	0.00489973369986	0.00163147109561	0.0	0.0	0.0	0.00224497006275	0.000180921444553
DEL-T_1_4	0.00701720034704	0.0	3.27573179675e-05	0.0	0.0	0.0	0.00674379011616	0.0	0.0	0.0	0.0	0.0	0.0	0.0	0.0	0.0	0.00526501052082	0.00455263257027	0.0	0.0118229929358	0.00542794866487	0.0099488645792	0.00101148302201	0.00557000888512	0.00283709727228	0.00825527217239	0.00992740597576	0.0036269321572	0.0	0.0026766709052	0.0	0.0	0.0	0.000779688707553	0.0129839098081	0.0142018152401	0.00450901407748	0.0	0.0	0.0	0.00360848032869	0.0
DEL-T_1_5+	0.0412613302469	0.0	0.0	0.0	0.0	0.0	0.0	0.0	0.0	0.0	0.0	0.0	0.0	0.0	0.00344746350311	0.0	0.0284096281976	0.112640842795	0.0	0.140516191721	0.041702054441	0.0514680705965	0.0	0.0499889329076	0.0836632028222	0.138705790043	0.103358410299	0.0	0.0	0.0162286516279	0.0	0.0	0.0114855552092	0.0	0.14902433753	0.205033019185	0.0614639520645	0.0	0.0	0.0	0.0150894159451	0.0
INS-C_1_0	0.0	7.05509155523e-05	0.0	0.000330426788423	0.0	0.0	0.00118723942433	0.0	0.0	0.0	0.0	0.000336099998094	0.000730982108507	0.0	0.000935402000323	0.0	0.00121110188775	0.000504577066749	0.0	2.37659296545e-05	0.000412321853219	0.000594465294853	0.0	0.00121082842816	0.0	0.0	0.0	0.0	0.0	0.0	0.0	0.000222761867917	0.0	0.0	0.0	0.00015952665126	0.00100124406163	0.0	0.0	0.000645621796139	0.00127878447529	0.0
INS-C_1_1	0.000135035894345	0.0	0.0	0.000606772839092	0.0	0.0	7.72498242441e-05	0.000219117646338	8.82865788299e-05	0.0	0.0	0.000179146270966	0.000568544084672	0.000318376871292	0.000361213780707	0.0	6.03421794949e-05	0.000362199207302	0.0	0.0	0.000588868104387	0.000709760875907	0.0	0.000712493318133	0.000543693953659	0.000179449663847	0.0004292637459	0.0	0.000197444343939	0.0	9.3436705356e-05	0.0	0.000227392985835	0.000565743190236	0.000271027209237	0.0	0.000598630867898	0.0	0.00053661497077	0.0	0.000205893564271	0.0
INS-C_1_2	0.0	0.0	0.0	0.000303523760522	0.0	0.0	1.38993982546e-06	9.98996256385e-05	0.0	0.0	0.0	8.35035243654e-05	0.000276445236523	0.00012588899699	0.000110493478132	0.0	0.000163063028594	0.000204539683182	0.0	0.0	0.000443846161943	0.000406623468734	0.0	0.000439144001575	0.000328658032231	1.36658200063e-05	0.000359277561074	0.0	8.33933008835e-05	0.0	2.54418300756e-05	0.0	0.000127998617245	0.000253457343206	0.000233176135225	0.0	0.000261340755969	0.0	0.000259102554992	0.0	4.2144129111e-05	0.0
INS-C_1_3	0.0	0.0	0.0	4.55416084151e-05	0.0	0.0	0.0	3.47882523783e-05	0.0	0.0	0.0	0.0	2.79482374026e-05	0.0	0.0	0.0	0.000281875574728	0.00018076498236	0.0	0.000106147926999	0.000389750814065	0.000250907614827	0.0	0.000241227360675	0.000182815565495	0.0	0.000332764524501	0.0	1.30724993141e-05	0.0	0.0	0.0	5.09490528202e-05	0.000114973372547	0.000366685562767	0.0	9.96570088319e-05	0.0	0.0	0.0	0.0	0.0
INS-C_1_4	0.0	8.13814476714e-05	1.84460623132e-05	0.0	0.0	0.0	0.0	0.0	0.0	0.0	8.97954741959e-05	0.0	0.0	0.0	0.0	0.0	0.000474105996545	0.000637733901385	0.0	0.00068185798591	0.000686391955242	0.000340506143402	0.0	0.000241415458731	0.000515659165103	0.000440602831077	0.000578837702051	0.0	0.0	0.0	0.0	0.0	2.05122360057e-05	0.0	0.000961575831752	0.000413853558712	0.000331282004481	0.0	0.0	0.0	0.000129613879835	0.0
INS-C_1_5+	0.0	0.00036083595478	0.0	0.0	0.0	0.0	0.0	0.0	0.0	0.000296111102216	0.0	0.0	0.0	0.0	0.0	0.0	0.00125201873016	0.00326756807044	0.0	0.00324326637201	0.00197906699032	0.00178523431532	0.0	0.000684187747538	0.00246051908471	0.00227229855955	0.00158212054521	0.0	0.0	0.0	0.0	0.0	0.0	0.0	0.00321362982504	0.00399849005044	0.00102883391082	0.0	0.0	0.0	0.000137929193443	0.0
INS-T_1_0	0.0	1.14084905363e-05	0.0	0.0	0.0	0.0	4.61210256617e-05	1.88410158444e-05	0.0	0.0	0.0	0.0	0.000101218669442	0.0	0.000123385136249	0.0	0.000444175850134	5.90186864429e-05	0.0	0.000287300557829	0.000555604929104	0.000260337663349	0.00023549850448	0.000414307869505	0.0	0.0	0.0002255847794	0.000272542412858	0.0	0.0	0.0	0.0	1.05194785647e-05	0.00015456325491	0.000319990736898	0.0	8.98406506167e-05	0.0	0.0	0.0	0.000369331071852	0.0
INS-T_1_1	0.000141816068208	0.0	0.0	0.000612763280515	0.0	0.0	0.0	0.000380996149033	0.0	0.0	0.0	0.000542655412573	0.000729325867724	0.00055686669657	0.000429900217569	0.0	0.000243729533395	0.000359957455657	0.0	0.0	0.00087126949802	0.000966905674431	0.0	0.000795671832748	0.000517789099831	0.000434471236076	0.000430547515862	0.0	0.000243764137849	0.0	2.17828674067e-05	0.000126650440507	0.000216679938603	0.00053212227067	0.00064640911296	0.0	0.000453125248896	0.0	0.000885194051079	0.0	0.000748176244088	0.0
INS-T_1_2	0.0	0.0	0.0	0.0	0.0	0.0	0.0	0.0	0.0	0.0	0.0	0.0	0.0	1.098514349e-05	0.000302482891129	0.0	0.00020718970336	0.0002914207289	0.0	2.01698640012e-06	0.00125791388564	0.00105309707578	0.0	6.7785178544e-05	0.000609391427133	0.00045591685921	0.000328335940139	0.0	0.0	0.0	0.0	0.0	0.000490952515975	0.000719043251593	0.000804421550129	0.000258320767898	0.000536730396561	0.0	0.0	0.0	0.000378488533897	0.0
INS-T_1_3	0.0	0.0	0.0	8.0718996287e-07	0.0	0.0	0.0	7.95995583758e-06	0.0	0.0	0.0	0.0	5.73473334953e-05	0.0	0.000320415565511	0.0	0.000422181357862	0.000333660340402	0.0	0.000289176154183	0.000794166349806	0.000707371160388	0.0	0.000447313999757	0.000248467316851	0.000145924292156	0.000403068959713	0.000229856275837	0.0	0.0	0.0	0.0	0.000284322188236	0.000499886344187	0.000437940383563	7.31479376554e-05	0.000471742561786	0.0	0.0	0.0	0.00046678390936	0.0
INS-T_1_4	0.0	0.000520059315022	0.0	0.000294531462714	0.0	0.0	0.00149565294851	0.0	0.0	0.0	0.0	0.0	0.0	0.0	0.000718731433153	0.0	0.00116314250045	0.000843317480758	0.0	0.00143392966129	0.000951973255724	0.000976720941253	0.000280330539681	0.00103966216557	0.0	0.00012829467596	0.000566413393244	0.000939610821661	0.0	0.000702462682966	0.0	4.5824173867e-05	0.0	0.000888813694473	0.00056465290254	0.00087169703329	0.00147072074469	0.0	0.0	0.0	0.00127199164126	0.0
INS-T_1_5+	0.0	0.0067519498989	0.0	0.0	0.0	0.00510059949011	0.0128310984001	0.0	0.0	0.0030719442293	0.0	0.0	0.0	0.0	0.0	0.0	0.00432106480002	0.0385080836713	0.0	0.0234491303563	0.0157655999064	0.0306573119015	0.0	0.00266110035591	0.0318356901407	0.0270958058536	0.0179475694895	0.0292224250734	0.0	0.0220184288919	0.0	0.0	0.0	0.00451766466722	0.0285019315779	0.0425164625049	0.0243282485753	0.0	0.0	0.0	0.0137589825317	0.0
DEL-repeats_2_0	0.0	0.0	0.0	0.0	0.0	0.0	0.0	0.000161320815096	0.0	0.0	0.0	0.0	0.0	0.0	0.0	0.0	0.000257745909039	0.000234655919485	4.69369006169e-05	0.000240400026087	0.000377467833459	7.26624712115e-05	8.21399735287e-05	0.000391964160372	0.000270910939435	6.94685877534e-05	0.000496527180076	0.0	0.0	0.0	0.0	0.0	0.0	3.08694470732e-05	0.000593538628891	0.0	0.0	0.0	0.0	0.000150332372868	0.000126712984638	0.000191567378351
DEL-repeats_2_1	0.000150602456415	0.0	0.000171822175616	0.0	0.0	0.0	0.0	0.000494453299325	0.0	0.0	0.0	0.0	0.0	0.0	0.000366535008652	0.000108016320155	0.0	0.000333617412252	0.000138529212563	0.000466609984869	0.000607731286436	0.0	0.000239806060563	0.00118551694322	0.000783327152021	0.000392714806367	0.000889060669579	0.0	0.000104934035335	0.000379286415409	0.0	0.0	0.0	0.000234511928284	0.00125671969727	0.000742197444197	0.0	0.0	0.0	0.000727807520889	0.00050822441699	0.000704809441231
DEL-repeats_2_2	4.1724582843e-05	0.0	0.0	0.0	0.0	0.0	0.0	8.52816592669e-05	0.0	0.0	0.0	0.0	0.0	0.0	0.0	0.0	0.000269678072073	0.000237201689743	0.0	0.000469365797471	0.000540665641893	7.28534650989e-05	0.0	0.000540544744581	0.000349830894265	0.000221347741899	0.000651874230243	0.0	0.0	0.0	0.0	0.0	0.0	0.0	0.000730717903934	0.000167762220372	0.0	0.0	0.0	0.0	9.38763769227e-05	0.00017799831403
DEL-repeats_2_3	0.00106001005042	0.0	0.0	0.0	0.0	0.0	0.0	0.000155544432346	0.0	0.0	0.0	0.0	0.0	0.0	6.1958853621e-06	0.0	0.00126696575899	0.00162771821488	0.0	0.00260874908417	0.00210080272518	0.0010274075903	0.0	0.00150342367124	0.00123327830806	0.00254561332986	0.00261718477122	0.0	0.0	0.0	0.0	0.0	0.000343320367392	0.0	0.00251484359615	0.00292616616935	0.000444687262643	0.0	0.0	0.0	0.0	0.0
DEL-repeats_2_4	0.000250317185419	0.0	0.0	0.0	0.0	0.0	0.0	0.0	0.0	0.0	0.0	0.0	0.0	0.0	0.0	0.0	0.000526074785739	0.00128504354507	0.0	0.00183397391811	0.00103376421612	0.000728818704374	0.0	0.000748740392737	0.000893406686373	0.00139536417555	0.0013952285517	0.0	0.0	0.0	0.0	0.0	0.000377714983188	0.0	0.00150149478577	0.00183419510722	0.000593540025875	0.0	0.0	0.0	0.0	7.40523537388e-05
DEL-repeats_2_5+	0.000131707201945	0.0	0.0	0.0	0.0	0.0	0.0	0.0	0.0	0.000419479038101	0.0	0.0	0.0	0.0	5.73961588088e-05	0.0	0.000420631491579	0.00221017468721	0.0	0.0026596437674	0.000877472921275	0.000574253033847	0.0	0.000868258415721	0.00148145866115	0.00195007573348	0.00152543722652	1.87083605852e-05	0.0	0.0	0.0	0.0	0.000766053271946	0.0	0.00162296835333	0.0026760562323	0.00104010885116	0.0	0.0	0.0	0.0	0.00039800349623
DEL-repeats_3_0	0.0	0.0	0.0	4.08078412875e-05	0.0	0.0	0.0	0.0	0.0	0.0	0.0	3.76544594474e-05	3.39251528203e-05	3.52273218596e-07	0.0	0.0	0.000354231364327	8.14814702608e-05	8.31239449326e-05	0.000125302525703	0.000277597282548	6.52730741422e-05	1.82065068657e-05	0.000202573617571	0.0	0.0	0.000295167963486	3.51958624378e-05	0.0	0.0	0.0	0.0	0.0	2.47227981163e-05	0.000226642427151	0.0	0.0	0.0	3.31920200551e-05	8.05349627626e-05	0.0	3.02371154248e-05
DEL-repeats_3_1	0.0	0.0	0.0	0.0	0.0	0.0	0.0	0.000245326547883	0.0	0.0	0.0	0.0	0.0	0.0	2.87699804176e-05	0.0	0.0	0.000329582951963	0.0	0.000600358995143	0.000477187568322	0.000149979518028	0.0	0.000834088597912	0.000477658613818	0.000260484172031	0.000677918782458	0.0	0.0	0.0	0.0	0.0	0.000171879510162	0.00015371387417	0.00074926065281	0.000565783760976	0.000149682193296	0.0	0.0	0.000137599054142	0.0	0.000326673325617
DEL-repeats_3_2	0.0	0.0	0.0	0.0	0.0	0.0	0.0	3.72333379346e-05	0.0	0.0	0.0	0.0	0.0	0.0	0.0	0.0	0.000238994849497	0.000197736837436	0.0	0.000264238304226	0.000383870908991	0.000133948255097	0.0	0.000385138031561	0.000129920212203	0.0	0.000451036961749	0.0	0.0	0.0	0.0	0.0	6.72846654197e-05	0.0	0.000408193649491	0.0	7.31659456505e-05	0.0	0.0	0.0	0.0	3.40600709023e-05
DEL-repeats_3_3	0.0	0.0	0.0	0.0	0.0	0.0	0.0	0.0	0.0	9.80679033091e-07	0.0	0.0	3.17435587931e-05	0.0	0.0	0.0	0.000268038187642	0.000223600945901	2.80760177702e-05	0.000228308490478	0.000403442740208	0.000142561824759	0.0	0.0002389352303	0.000203536823392	6.30663853372e-05	0.000379087694455	0.0	0.0	0.0	0.0	0.0	0.000131450869958	0.0	0.000390572124161	0.0	8.09301054687e-05	0.0	0.0	0.0	0.0	0.0
DEL-repeats_3_4	0.0	0.0	0.0	0.0	0.0	0.0	0.0	0.0	0.0	0.0	0.0	0.0	0.0	0.0	0.0	0.0	0.000255778519204	0.000206892349524	0.0	0.000170789106051	0.00027107304777	7.06947321305e-05	0.0	0.000232099191635	7.10738895577e-05	0.0	0.000300091865938	0.0	0.0	0.0	0.0	0.0	4.7228866606e-05	0.0	0.000261316192336	0.0	5.05149873788e-05	0.0	0.0	0.0	0.0	9.72888301476e-07
DEL-repeats_3_5+	0.0	1.57502945513e-05	0.0	0.0	0.0	0.0	0.0	6.29984715488e-05	0.0	0.0	0.0	0.0	0.0	0.0	0.0	0.0	0.000234774081036	0.000222310147365	0.0	0.000157806731295	0.000240644076257	8.25442621135e-05	0.0	0.000260209082626	5.34231294296e-05	0.0	0.000313665746944	0.0	2.76515165751e-05	0.0	0.0	0.0	2.94073342957e-05	0.0	0.000250858982326	0.0	3.3764183172e-05	0.0	0.0	0.0	0.0	7.96013046056e-06
DEL-repeats_4_0	0.0	0.0	5.20084540767e-06	4.45971345471e-05	0.0	1.44091345646e-05	0.0	1.36469680001e-05	0.0	0.0	0.0	1.13683836389e-05	1.65713681781e-05	0.0	0.0	3.94779090129e-05	0.000291077973088	6.49033609079e-05	2.85472797259e-05	7.42473421269e-05	0.000279029336525	0.000100231576653	9.34656054596e-06	0.00023116968805	1.74704073288e-05	0.0	0.000258969375864	0.0	0.0	0.0	0.0	0.0	0.0	2.95525460388e-05	0.000266838062089	0.0	0.0	0.0	2.09075988096e-05	8.78069186001e-05	0.0	3.60639314749e-05
DEL-repeats_4_1	0.0	1.46083693835e-05	0.0	0.0	0.0	0.0	0.0	0.000177822890691	0.0	0.0	3.79175398848e-05	0.0	0.0	0.0	0.0	0.0	7.46415025787e-05	0.000166319034179	0.0	0.000214943720493	0.000321666855598	0.000155014015036	0.0	0.000480163667817	0.000243829621468	0.0	0.000390929053538	0.0	0.0	0.0	0.0	0.0	8.6170679424e-05	6.02510808676e-05	0.000439982919488	0.0	6.72294190736e-05	0.0	0.0	7.35352368793e-05	0.0	8.78337305039e-05
DEL-repeats_4_2	0.0	0.0	0.0	0.0	0.0	0.0	0.0	2.84627676592e-05	0.0	0.0	0.0	0.0	0.0	0.0	0.0	0.0	0.000211080725421	0.000146325328387	1.27896237245e-05	0.000131347507704	0.000351321621565	0.000114156217023	0.0	0.000250343175139	0.000140342701343	0.0	0.000327266316162	0.0	0.0	0.0	0.0	0.0	9.47192311287e-05	0.0	0.000354916992364	0.0	8.47633782541e-06	0.0	0.0	2.04804437089e-05	0.0	0.0
DEL-repeats_4_3	0.0	2.78079805867e-05	0.0	0.0	9.25123822526e-06	0.0	0.0	2.69898264378e-05	0.0	0.0	0.0	0.0	0.0	0.0	0.0	0.0	0.000249129661825	0.000150721345562	4.49768958788e-06	0.000132102475618	0.000266208371613	5.4849046137e-05	0.0	0.000234599399846	5.57807143196e-05	0.0	0.00028005198692	0.0	0.0	0.0	0.0	0.0	4.2850497266e-05	0.0	0.000250396638876	0.0	7.92585342424e-06	0.0	0.0	0.0	0.0	0.0
DEL-repeats_4_4	0.0	3.73859584215e-05	0.0	0.0	0.0	0.0	0.0	3.38221434504e-05	0.0	0.0	0.0	0.0	0.0	0.0	0.0	0.0	0.000267580151558	0.000165116449352	0.0	0.000123566627735	0.000261064822553	4.00677490688e-05	7.44614999348e-06	0.000235003055423	2.69593438134e-05	0.0	0.000275015336229	0.0	1.64704306371e-06	0.0	0.0	0.0	1.02337444332e-05	0.0	0.000211475795368	0.0	0.0	0.0	0.0	0.0	0.0	4.77748471894e-07
DEL-repeats_4_5+	0.0	3.55765223503e-07	0.0	0.0	0.0	0.0	0.0	1.47985047079e-05	0.0	0.0	0.0	0.0	0.0	0.0	0.0	0.0	0.000279798870906	0.000185366734513	3.51548442268e-06	0.000122870871564	0.000255580816884	4.76409295516e-05	0.0	0.000196546898223	4.32702436228e-05	0.0	0.000266003800789	0.0	0.0	0.0	0.0	0.0	2.45791034104e-05	0.0	0.000242532754783	0.0	6.42999293632e-06	0.0	0.0	0.0	0.0	4.81248207507e-07
DEL-repeats_5+_0	0.000242306268774	0.0	0.00065777474083	0.0	0.0	0.000113670685096	0.0	0.0	0.0	0.0	0.0	0.0	0.0	0.0004161427496	0.0	0.000345603300957	0.000273784564342	0.0	0.000162173892022	0.0	0.000519818277098	0.000640622223727	0.000501183792949	0.000656661461107	0.0	0.0	0.000652022194117	0.000574100820813	0.0	7.8190700151e-05	1.51886069943e-06	0.0	0.0	0.000819525041152	0.000306584406644	0.0	0.0	0.0	0.000720884185284	0.000450549356174	0.000164752680575	0.0
DEL-repeats_5+_1	8.23270456749e-05	0.0	0.0	0.0	0.0	0.0	0.0	0.000145428013639	0.0	0.0	0.0	0.0	0.000124748985399	0.0	0.0	0.0	0.000326738721924	0.000187429017387	3.93864793296e-05	0.000137915209052	0.00038213172229	0.000102716767287	0.0	0.000367198139429	8.94636614248e-05	6.94032205502e-05	0.000400769291446	0.0	0.0	0.0	0.0	0.0	0.000111066095997	0.0	0.000412179040723	0.0	0.0	0.0	0.0	2.75917791441e-05	0.0	0.0
DEL-repeats_5+_2	0.0	0.0	0.0	0.0	0.0	0.0	0.0	1.95886004803e-05	0.0	0.0	0.0	0.0	3.45158150594e-05	0.0	0.0	0.0	0.000277340266621	0.000157325950568	3.85363709938e-05	0.000141239259392	0.000274717953289	4.33941895608e-05	0.0	0.000233079481404	7.71067643655e-05	0.0	0.000286135677015	0.0	0.0	0.0	0.0	0.0	3.35970944434e-05	0.0	0.000261954031885	0.0	0.0	0.0	0.0	9.5888353826e-06	0.0	0.0
DEL-repeats_5+_3	0.0	1.91294075194e-05	0.0	0.0	0.0	0.0	0.0	2.23573042604e-05	0.0	0.0	0.0	0.0	0.0	0.0	0.0	0.0	0.000274790945696	0.000141326454468	3.12259180646e-06	8.89823058969e-05	0.000250639306614	3.62842984032e-05	0.0	0.000193136511371	3.02212611132e-05	0.0	0.00026488842559	0.0	0.0	0.0	0.0	0.0	1.25147998915e-05	0.0	0.000217615015572	0.0	0.0	0.0	0.0	0.0	0.0	0.0
DEL-repeats_5+_4	0.0	2.56279308815e-05	0.0	0.0	0.0	0.0	0.0	1.52654829435e-05	0.0	0.0	5.5587170209e-06	0.0	0.0	0.0	0.0	0.0	0.000274657300906	0.000130598898977	0.0	6.23760206508e-05	0.000244532217039	3.02109328914e-05	1.55150701175e-06	0.000188912294107	1.20687218441e-05	0.0	0.000258986954577	0.0	0.0	0.0	0.0	0.0	2.2433414415e-06	0.0	0.000211045073229	0.0	0.0	0.0	0.0	8.55176949699e-07	0.0	0.0
DEL-repeats_5+_5+	0.0	2.4825490982e-05	0.0	0.0	3.36366656484e-06	0.0	5.64040419704e-06	2.03537820198e-06	0.0	0.0	0.0	0.0	1.29168427065e-06	0.0	0.0	0.0	0.000277647282928	0.000125673599541	8.19387241791e-06	6.36933618807e-05	0.000242805253947	2.1197800379e-05	1.15620950965e-05	0.000184974152944	1.42748831422e-05	0.0	0.000254769023741	0.0	0.0	0.0	0.0	8.89521743375e-07	8.60687850945e-06	0.0	0.000194324296899	0.0	0.0	0.0	0.0	0.0	0.0	0.0
INS-repeats_2_0	0.0	0.0	0.0	0.0	0.0	2.65356757154e-05	3.27687012032e-05	0.0	0.0	2.3454103939e-05	0.0	0.0	2.43439390033e-05	0.0	0.0	0.0	0.000332724361215	0.0002254434512	0.0	0.000157653499627	0.000365720654372	9.06812929315e-05	1.59112369147e-05	0.000299190665828	0.0	0.0	0.000207673219847	6.51031004963e-05	0.0	0.0	0.0	0.0	0.0	0.0	0.00019269232871	0.0	7.9318160715e-05	0.0	0.0	7.65667718952e-05	1.97208501049e-05	0.0
INS-repeats_2_1	0.0	0.0	0.0	4.22465782322e-05	0.0	0.0	0.0	5.95072924625e-05	0.0	1.31054657686e-05	0.0	1.60958697961e-05	1.46268612298e-05	0.0	0.0	0.0	0.000354860385414	0.000112749279651	0.0	0.000115566552267	0.000252458063187	9.19085505302e-05	0.0	0.000117992873129	1.87872865354e-06	0.0	0.000276090140687	0.0	0.0	0.0	0.0	0.0	0.0	0.0	0.000221192341996	0.0	0.0	0.0	0.0	4.76169625472e-05	0.0	5.4195363191e-05
INS-repeats_2_2	0.0	0.0	0.0	0.0	0.0	0.0	0.0	3.58444922313e-05	0.0	9.30926034926e-07	0.0	0.0	0.0	0.0	0.0	0.0	0.000315701472573	0.000171044783201	0.0	9.45948122535e-05	0.000284706184175	9.057684656e-05	0.0	0.000211007383768	2.50834091275e-05	0.0	0.000263974390691	0.0	0.0	0.0	0.0	0.0	0.0	0.0	0.000243897113251	0.0	5.58823376196e-06	0.0	0.0	2.52681438724e-05	0.0	1.41781147249e-05
INS-repeats_2_3	0.0	2.91291580652e-05	0.0	0.0	0.0	0.0	1.80013848876e-05	0.0	0.0	4.95028107252e-05	0.0	0.0	0.0	0.0	0.0	0.0	0.000401485594921	0.00028171192389	0.0	0.000219545749133	0.000368332955986	0.000233141850913	0.0	0.000180039787665	0.000194178413949	0.0	0.000369390007108	2.24899158638e-05	0.0	0.0	0.0	0.0	2.89488689305e-05	0.0	0.000270811695373	0.0	4.34062458226e-05	0.0	0.0	0.0	0.0	0.0
INS-repeats_2_4	0.0	4.75289780297e-05	0.0	0.0	0.0	1.32485465656e-05	2.77561302937e-05	0.0	0.0	0.000346428714693	0.0	0.0	0.0	0.0	0.0	0.0	0.000562644214369	0.000955277530011	0.0	0.000575264741201	0.000687014777213	0.000781397218816	0.0	0.0	0.000812179758213	0.000515387277119	0.000562238390557	0.00019274931401	0.0	0.0	0.0	0.0	0.0	0.0	0.00071706448216	0.000585917092394	0.000281833694316	0.0	0.0	0.0	4.67688732897e-05	0.0
INS-repeats_2_5+	0.0	0.000604062573984	0.0	0.0	0.0	0.0	0.0	0.0	0.0	0.000541595625691	0.0	0.0	0.0	0.0	0.00042016300722	0.0	0.000701437005773	0.00317074684426	0.0	0.0022862192709	0.00128418207169	0.00112266710494	0.0	0.000113279529614	0.00222973711789	0.00179176090751	0.000746139790863	0.0	0.0	0.0	0.0	0.0	0.0	0.0	0.0023900854867	0.00342576834373	0.000880726031028	0.0	0.0	0.0	0.0	0.0
INS-repeats_3_0	0.0	0.0	0.0	5.30435045221e-06	0.0	0.0	9.17808392842e-07	3.44306608895e-05	0.0	0.0	0.0	0.0	4.21051372541e-05	1.35937561936e-05	0.0	7.72793282522e-06	0.00029923155671	0.000164082885021	3.06423171423e-05	2.69243755611e-05	0.000206170137972	2.33465489146e-05	0.0	0.000183318203199	1.26599679788e-05	0.0	0.000246335053816	0.0	0.0	0.0	0.0	5.19973673363e-06	0.0	0.0	0.000223372408072	0.0	0.0	0.0	2.50489028986e-06	3.29512949975e-05	0.0	0.0
INS-repeats_3_1	0.0	0.0	0.0	0.0	0.0	0.0	0.0	2.36704254348e-05	0.0	0.0	0.0	2.8075883165e-06	0.0	0.0	0.0	2.24010036618e-05	0.000251735327765	9.85189835774e-05	5.34841819899e-05	7.23170451238e-05	0.000247682066401	4.7368434025e-05	4.56215057056e-05	0.000206064316444	1.83991851372e-05	0.0	0.00027105002664	0.0	1.13230516945e-05	0.0	0.0	0.0	0.0	0.0	0.000221916037844	0.0	0.0	0.0	2.73081932392e-05	4.43164026365e-05	0.0	0.0
INS-repeats_3_2	0.0	2.61029672401e-05	0.0	0.0	0.0	0.0	0.0	3.14093849738e-05	0.0	0.0	0.0	0.0	0.0	0.0	0.0	1.06491270344e-05	0.000314335164148	0.000127798004542	8.68149709277e-06	6.93495312589e-05	0.00023921232787	4.92400868097e-05	1.53822202265e-05	0.000181138151675	1.29583559101e-05	0.0	0.000246920622885	0.0	0.0	0.0	0.0	7.04478406988e-06	6.40614689473e-06	0.0	0.00020255628624	0.0	0.0	0.0	0.0	1.83274078154e-05	0.0	0.0
INS-repeats_3_3	0.0	3.4548160329e-05	0.0	0.0	0.0	0.0	8.83512984728e-06	0.0	0.0	0.0	0.0	0.0	0.0	0.0	0.0	2.40206895796e-06	0.000292041397188	0.000131743756356	0.0	8.13813167042e-05	0.000242721405812	4.81041133753e-05	8.22225774755e-06	0.00017235375708	3.80424571631e-05	0.0	0.000254166137893	0.0	0.0	0.0	0.0	1.08730755528e-05	0.0	0.0	0.000197252331418	0.0	0.0	0.0	0.0	7.53126369091e-06	0.0	0.0
INS-repeats_3_4	0.0	4.45869081886e-05	0.0	0.0	0.0	0.0	1.56310579769e-06	1.55992402142e-05	0.0	0.0	0.0	0.0	0.0	0.0	0.0	0.0	0.000283026718535	0.000164879937074	0.0	8.70975709404e-05	0.000256269617239	2.72657889582e-05	0.0	0.000178104121005	2.43573267653e-05	0.0	0.00026892463211	0.0	0.0	0.0	0.0	0.0	0.0	0.0	0.000232515696553	0.0	0.0	0.0	0.0	1.71314741237e-06	0.0	0.0
INS-repeats_3_5+	0.0	7.61801493354e-05	0.0	0.0	0.0	0.0	0.0	3.00387946481e-05	0.0	3.75082490791e-05	0.0	0.0	0.0	0.0	0.0	0.0	0.000302366621327	0.000464364420623	0.0	0.000302847940475	0.000315148441587	9.48679298745e-05	0.0	0.000178058224265	0.000278322550002	3.2653886592e-05	0.000297152204439	0.0	0.0	0.0	0.0	0.0	0.0	0.0	0.000418123789132	0.0	6.83607795509e-05	0.0	0.0	0.0	0.0	0.0
INS-repeats_4_0	0.0	3.18734419125e-05	0.0	0.0	0.0	0.0	0.0	0.0	0.0	0.0	0.0	8.1460148067e-06	6.9543666541e-06	0.0	0.0	0.0	0.00027981295716	0.000130846572574	0.0	7.9327437561e-05	0.000259789376287	5.50940385438e-05	8.66862956173e-06	0.000192069346667	0.0	0.0	0.000212733386434	0.0	0.0	0.0	0.0	0.0	0.0	0.0	0.000169881343027	0.0	0.0	0.0	0.0	3.27599846059e-05	0.0	0.0
INS-repeats_4_1	0.0	0.0	0.0	0.0	0.0	0.0	0.0	5.78035433136e-05	0.0	0.0	1.38501764013e-05	5.16498948855e-06	1.92951870304e-06	2.86990652967e-05	0.0	1.44715795614e-05	0.000229687502724	9.7699376056e-05	3.47888453689e-05	3.14422104566e-05	0.00021634742734	5.37401392648e-05	2.222758485e-05	0.000185000521014	1.45106250784e-05	0.0	0.000230012083193	0.0	3.97088988393e-05	0.0	0.0	1.75749846676e-06	0.0	1.75605237018e-08	0.000207640405279	0.0	0.0	0.0	0.0	1.26850918605e-05	0.0	0.0
INS-repeats_4_2	0.0	3.75379495381e-05	0.0	0.0	0.0	2.32457932725e-06	0.0	9.31975955609e-06	0.0	0.0	0.0	0.0	0.0	0.0	0.0	0.0	0.000286960683297	0.000131182168843	0.0	7.78216126491e-05	0.000246826093644	4.21715303673e-05	1.01224013633e-05	0.000189914309885	2.15298387047e-05	0.0	0.000265528244199	0.0	0.0	0.0	0.0	0.0	0.0	0.0	0.000194793581613	0.0	0.0	0.0	0.0	1.02684953163e-05	0.0	0.0
INS-repeats_4_3	0.0	2.91282176477e-05	0.0	0.0	0.0	0.0	0.0	0.0	0.0	0.0	0.0	0.0	0.0	0.0	0.0	0.0	0.00029952544719	0.000161684205523	0.0	8.08805416455e-05	0.000271268625511	5.39218090125e-05	0.0	0.000176937144715	5.48255920876e-05	0.0	0.0002545726893	0.0	0.0	0.0	0.0	3.34402284352e-06	0.0	0.0	0.000207681281609	0.0	0.0	0.0	0.0	1.01254554465e-05	0.0	0.0
INS-repeats_4_4	0.0	6.29421847407e-05	0.0	0.0	0.0	0.0	0.0	1.58411075972e-05	0.0	0.0	0.0	0.0	0.0	0.0	0.0	0.0	0.000280294043478	0.000153532717377	0.0	8.14692175481e-05	0.000244183640461	3.28725291183e-05	0.0	0.000176628804184	3.62499231414e-05	0.0	0.000245397357503	0.0	0.0	0.0	0.0	0.0	0.0	0.0	0.000216056869249	0.0	0.0	0.0	0.0	1.82175381269e-06	0.0	0.0
INS-repeats_4_5+	0.0	0.000107142048364	0.0	0.0	0.0	0.0	0.0	2.18874411075e-05	0.0	0.0	0.0	0.0	0.0	0.0	0.0	1.5338015146e-05	0.000260782660916	0.000272357079666	3.7043332668e-06	0.000177022142452	0.000249418488238	5.85945490457e-05	0.0	0.000155622896273	0.000133060733788	0.0	0.000164181488799	0.0	0.0	0.0	0.0	0.0	0.0	0.0	0.000246562471148	0.0	5.17739317729e-05	0.0	0.0	3.54358489858e-05	0.0	0.0
INS-repeats_5+_0	0.0	0.0	0.0	0.0	0.0	2.47281022894e-05	0.0	0.0	0.0	3.17705598718e-05	0.0	6.09433482168e-06	0.0	2.119385681e-05	0.0	0.0	0.000243110436713	0.000135800626595	3.39167745551e-05	9.59395401878e-05	0.000254523241892	3.25943001371e-05	7.68223617342e-06	0.000278113846434	0.0	0.0	0.000264413713012	0.000109326138045	0.0	0.0	0.0	1.73895696207e-05	0.0	1.27245257318e-05	0.000141509517562	0.0	0.0	0.0	9.81812900136e-06	4.65679986519e-05	0.0	0.0
INS-repeats_5+_1	0.0	1.22162582556e-05	0.0	0.0	0.0	0.0	0.0	9.06751665752e-05	0.0	0.0	0.0	0.000140509946505	2.33532846323e-05	6.55851981719e-05	0.0	2.09854788409e-05	9.48427623371e-05	9.62254271144e-05	6.70664594509e-05	0.0	0.000186142307939	0.000201962131541	6.92245230312e-05	0.000348008645233	8.56495462358e-05	0.0	0.000296435406199	2.13781568164e-05	0.000118446623674	0.0	0.0	0.0	0.0	2.49763979809e-06	0.000291892618407	0.0	0.0	0.0	2.33850187215e-05	9.04648477444e-05	0.0	0.0
INS-repeats_5+_2	0.0	3.12079282594e-05	0.0	0.0	0.0	0.0	1.15562961582e-05	3.2046384149e-05	0.0	0.0	0.0	0.0	0.0	0.0	0.0	2.38133338826e-06	0.00026547384914	0.000138915653224	9.8496730061e-06	6.51563532301e-05	0.000233554485021	2.72857650998e-05	8.79736307979e-06	0.000192587613128	2.46499839704e-05	0.0	0.000255372782703	0.0	7.15486748959e-07	0.0	0.0	9.8358723335e-06	2.91294509225e-06	0.0	0.000179095120984	0.0	0.0	2.8879128422e-06	0.0	7.44659519114e-06	0.0	0.0
INS-repeats_5+_3	0.0	3.41058912454e-05	0.0	0.0	0.0	0.0	7.96146923676e-06	1.00759716588e-05	0.0	0.0	0.0	0.0	0.0	0.0	0.0	1.34167976285e-07	0.000278096063994	0.000117801391752	0.0	6.2774925027e-05	0.000240652268985	2.85071255348e-05	1.70625680767e-05	0.000181207127753	7.45217676013e-06	0.0	0.000251914520049	0.0	0.0	0.0	0.0	3.4224499359e-06	0.0	0.0	0.000191384853679	0.0	0.0	0.0	0.0	1.51663680299e-05	0.0	0.0
INS-repeats_5+_4	0.0	3.96061877836e-05	0.0	0.0	0.0	0.0	0.0	7.61929004511e-06	0.0	0.0	0.0	0.0	0.0	0.0	0.0	0.0	0.000280212203506	0.000123048113892	1.74547699316e-06	5.9650377807e-05	0.000232261139899	4.32070992247e-05	1.51996355271e-05	0.000178442453034	6.00376915827e-06	0.0	0.000246888608672	0.0	0.0	0.0	0.0	3.13571467814e-06	0.0	0.0	0.000195742293727	0.0	0.0	0.0	9.59016688284e-07	0.0	0.0	0.0
INS-repeats_5+_5+	0.0	4.22571974923e-05	0.0	0.0	0.0	0.0	7.7637268987e-06	2.11124279303e-05	0.0	0.0	0.0	0.0	0.0	0.0	0.0	0.0	0.000282948283711	0.00012034127576	0.0	7.0705631515e-05	0.000249045318924	2.21514783334e-05	2.45915634878e-06	0.000179220325663	2.75025959127e-05	0.0	0.000245889328653	0.0	0.0	0.0	0.0	3.91400044464e-06	0.0	0.0	0.000198581416043	0.0	0.0	0.0	0.0	9.11843744689e-06	0.0	0.0
DEL-MH_2_1	0.0	0.0	6.51817535982e-05	0.0	0.0	0.0	0.0	0.000332550262101	0.0	0.0	0.0	0.0	0.0	0.0	3.12972115353e-05	0.000126607774291	0.0	0.000270280259429	9.47545922827e-05	0.000269728916464	0.00049658579519	0.0	0.000175919762114	0.000770131184254	0.000527898431756	0.00023423107632	0.000628664391115	0.0	5.03427108924e-05	0.000202489900403	0.0	0.0	0.0	0.000287835719064	0.000910268805455	0.000454379245639	0.0	0.0	4.85108066641e-05	0.000518609303981	0.000327799993102	0.000500250898767
DEL-MH_3_1	0.0	0.0	0.0	2.66798979283e-05	0.0	2.51100645983e-05	0.0	3.90160275856e-05	0.0	0.0	0.0	0.0	1.19677879411e-05	8.23100708658e-06	0.0	1.17951594802e-05	0.000274780904874	9.97486713459e-05	3.33404532284e-05	3.88300904888e-05	0.000250301993219	4.96386237501e-05	8.79473464011e-06	0.000259736843873	3.63450362784e-06	0.0	0.000283658737317	1.10220571514e-05	0.0	0.0	0.0	0.0	0.0	0.0	0.000251579418546	0.0	0.0	0.0	7.12926630513e-05	3.83989718102e-05	0.0	1.06377374323e-05
DEL-MH_3_2	0.0	0.0	0.0	0.0	0.0	0.0	0.0	0.000109008738946	0.0	0.0	0.0	0.0	0.0	0.0	0.0	0.0	0.000155551504577	0.000206021722988	0.0	0.000271491706371	0.000387107720599	0.0001175721045	0.0	0.000461612537038	0.000135464884806	1.21304474305e-05	0.000471693201689	0.0	0.0	0.0	0.0	0.0	7.60272960179e-05	7.3551927926e-05	0.000422659912147	4.12135850638e-05	3.90787463402e-05	0.0	0.0	8.47984847496e-05	0.0	9.9515025795e-05
DEL-MH_4_1	0.0	0.0	0.0	2.53577800322e-05	0.0	3.13200471282e-05	0.0	4.0672130126e-05	0.0	0.0	0.0	0.0	0.0	0.0	0.0	0.0	0.000257507083006	8.92304014997e-05	3.85053499485e-06	5.57596540602e-05	0.000284164649202	0.0001133464757	3.6799479858e-05	0.000275153870462	2.51479468716e-05	0.0	0.000268336938461	1.7738675524e-06	0.0	0.0	0.0	0.0	1.42547351061e-05	4.34485082224e-05	0.000226023374125	0.0	0.0	0.0	5.69500734855e-05	7.32997141313e-05	0.0	4.58214417449e-05
DEL-MH_4_2	0.0	3.25448272633e-05	0.0	0.0	0.0	1.09658622023e-05	0.0	7.71461564e-05	0.0	0.0	0.0	0.0	0.0	0.0	0.0	0.0	0.000198484092834	9.1354631877e-05	0.0	0.000114691531053	0.000237850195845	6.26801920589e-05	2.78383849945e-05	0.000317134341458	8.18543267087e-05	0.0	0.000322635110933	0.0	0.0	0.0	0.0	0.0	3.43577521562e-05	1.32226668939e-05	0.000264931062702	0.0	2.67604009423e-05	0.0	0.0	7.7604650869e-05	0.0	6.99627125869e-05
DEL-MH_4_3	0.0	6.4606210799e-05	0.0	0.0	2.01015427592e-05	0.0	0.0	9.23450133996e-05	0.0	0.0	0.0	0.0	0.0	0.0	0.0	0.0	0.000162379670655	0.000168175654835	0.0	0.000161005111295	0.000307040143525	6.36531112832e-05	5.02655893797e-05	0.000408761930885	0.000168485712493	0.0	0.000269014999503	0.0	0.0	0.0	0.0	0.0	7.47469239286e-05	1.82968688023e-05	0.000262554327492	0.0	6.34668685962e-05	0.0	0.0	6.81091405568e-05	0.0	9.38170196605e-05
DEL-MH_5+_1	0.000217296357732	0.0	0.000786810356658	0.0	0.0	0.0	0.0	0.0	0.0	0.0	0.0	0.0	0.000107499166916	0.000428450439358	0.0	0.000428115861723	0.000329556292854	0.0	0.0	0.0	0.000332204188453	0.000460170762381	0.00042933318764	0.000768800615333	0.0	0.0	0.000707232393324	0.00064218591433	0.000236204650719	1.12351845019e-05	2.03786930797e-06	4.53384818684e-05	0.0	0.000648786721285	6.58426579321e-05	0.0	0.0	0.0	0.000630971742794	0.000629749207292	0.00027404553839	7.5615280366e-06
DEL-MH_5+_2	0.000368336302927	0.000388489483157	0.00157125783153	0.0	0.0	0.0	0.0	0.0	0.0	0.0	0.0	0.0	0.000132304689032	0.000431693159044	0.0	0.000579725485295	0.000423301098635	0.0	0.000283234548988	0.0	0.000446061545517	0.000607613590546	0.000298833590932	0.00105436879676	0.0	0.0	0.000895348726772	0.00117835844867	0.000198407185962	0.000122986384667	0.000226834279601	0.000338795915013	0.0	0.000676407129504	0.0	0.0	0.000166599929798	0.000389681139495	0.000773775507696	0.000493530358654	0.000436547066784	7.50178514863e-05
DEL-MH_5+_3	0.000317417521728	0.000219810928684	0.00131005735602	0.0	0.0	0.0	0.0	0.0	0.0	0.0	0.0	0.0	9.59829922067e-05	0.000357286713552	0.0	0.000444969889941	0.000361984828487	0.0	8.80106090335e-05	0.0	0.000384141516406	0.000392265326809	9.75235743681e-05	0.000833284168039	0.0	0.0	0.000570631877054	0.000853805919178	8.80362058524e-05	3.73248476535e-05	0.000245451839874	0.000220829257159	0.0	0.000365937390598	0.0	0.0	0.000175394583493	0.000242925845669	0.000521177600604	0.000401767669246	0.000261152017629	7.92839418864e-05
DEL-MH_5+_4	5.94417724642e-05	0.00019202142721	0.000630734721199	0.0	0.0	0.0	0.0	0.0	0.0	0.0	0.0	0.0	6.62539605401e-06	0.000198681387701	0.0	0.000236518098973	0.000321404164424	0.0	0.000136503382237	0.0	0.000430671789218	0.000216382177314	5.53995196242e-05	0.000479858368635	0.0	0.0	0.000488144811243	0.000389240682125	7.39862152841e-05	0.0	0.000102756719571	0.000108960754005	2.31687463383e-05	0.000177305788384	0.0	0.0	1.43840698001e-05	0.000136967020808	0.000184393153177	0.000299424340483	0.00012961786706	3.0356222851e-05
DEL-MH_5+_5+	0.000254332961049	1.74097876879e-05	0.000460380193545	0.0	0.0	0.0	0.0	0.0	0.0	0.0	0.0	0.0	0.000147459519212	0.000177310939762	0.0	2.84413054032e-05	0.000216092652408	1.60080962814e-05	0.000138619419886	0.0	0.000361634825822	0.000205587450182	4.27517079515e-08	0.000650501635391	0.0	5.46286173631e-06	0.000519732770044	0.000335239456035	0.0	0.0	0.0	0.0	0.0	0.000134942965815	8.37723564473e-05	0.0	0.0	0.000188415084267	0.000147910279338	0.000113913818495	0.0	0.0
